{
  "build": [
    {
      "enabled": true,
      "continueOnError": false,
      "alwaysRun": false,
      "displayName": "Cleanup Docker",
      "timeoutInMinutes": 0,
      "condition": "succeeded()",
      "task": {
        "id": "e213ff0f-5d5c-4791-802d-52ea3e7be1f1",
        "versionSpec": "1.*",
        "definitionType": "task"
      },
      "inputs": {
        "scriptType": "inlineScript",
        "scriptName": "",
        "arguments": "",
        "workingFolder": "",
        "inlineScript": "docker ps -a -q | %{docker rm -f $_}\n\ndocker images | where {-Not ($_.StartsWith(\"microsoft/nanoserver \") -Or $_.StartsWith(\"REPOSITORY \"))} | %{$_.Split(' ', [System.StringSplitOptions]::RemoveEmptyEntries)[2]} | select-object -unique | %{docker rmi -f $_}",
        "failOnStandardError": "true"
      }
    },
    {
      "enabled": true,
      "continueOnError": false,
      "alwaysRun": false,
      "displayName": "Pull image-builder",
      "timeoutInMinutes": 0,
      "condition": "succeeded()",
      "task": {
        "id": "d9bafed4-0b18-4f58-968d-86655b4d2ce9",
        "versionSpec": "1.*",
        "definitionType": "task"
      },
      "inputs": {
        "filename": "docker",
        "arguments": "pull $(image-builder.imageName)",
        "workingFolder": "",
        "failOnStandardError": "false"
      }
    },
    {
      "enabled": true,
      "continueOnError": false,
      "alwaysRun": false,
      "displayName": "Create container",
      "timeoutInMinutes": 0,
      "condition": "succeeded()",
      "task": {
        "id": "d9bafed4-0b18-4f58-968d-86655b4d2ce9",
        "versionSpec": "1.*",
        "definitionType": "task"
      },
      "inputs": {
        "filename": "docker",
        "arguments": "create --name $(image-builder.containerName) $(image-builder.imageName)",
        "workingFolder": "",
        "failOnStandardError": "false"
      }
    },
    {
      "enabled": true,
      "continueOnError": false,
      "alwaysRun": false,
      "displayName": "Copy image-builder locally",
      "timeoutInMinutes": 0,
      "condition": "succeeded()",
      "task": {
        "id": "d9bafed4-0b18-4f58-968d-86655b4d2ce9",
        "versionSpec": "1.*",
        "definitionType": "task"
      },
      "inputs": {
        "filename": "docker ",
        "arguments": "cp $(image-builder.containerName):/image-builder $(Build.BinariesDirectory)/Microsoft.DotNet.ImageBuilder",
        "workingFolder": "",
        "failOnStandardError": "false"
      }
    },
    {
      "enabled": true,
      "continueOnError": false,
      "alwaysRun": false,
      "displayName": "Cleanup container",
      "timeoutInMinutes": 0,
      "condition": "always()",
      "task": {
        "id": "d9bafed4-0b18-4f58-968d-86655b4d2ce9",
        "versionSpec": "1.*",
        "definitionType": "task"
      },
      "inputs": {
        "filename": "docker",
        "arguments": "rmi -f $(image-builder.imageName)",
        "workingFolder": "",
        "failOnStandardError": "false"
      }
    },
    {
      "enabled": true,
      "continueOnError": false,
      "alwaysRun": false,
      "displayName": "Run image-builder",
      "timeoutInMinutes": 0,
      "condition": "succeeded()",
      "task": {
        "id": "d9bafed4-0b18-4f58-968d-86655b4d2ce9",
        "versionSpec": "1.*",
        "definitionType": "task"
      },
      "inputs": {
        "filename": "$(Build.BinariesDirectory)/Microsoft.DotNet.ImageBuilder/Microsoft.DotNet.ImageBuilder.exe",
        "arguments": "$(image-builder.args)",
        "workingFolder": "",
        "failOnStandardError": "false"
      }
    },
    {
      "enabled": true,
      "continueOnError": true,
      "alwaysRun": true,
      "displayName": "Cleanup Docker",
      "timeoutInMinutes": 0,
      "condition": "always()",
      "task": {
        "id": "e213ff0f-5d5c-4791-802d-52ea3e7be1f1",
        "versionSpec": "1.*",
        "definitionType": "task"
      },
      "inputs": {
        "scriptType": "inlineScript",
        "scriptName": "",
        "arguments": "",
        "workingFolder": "",
        "inlineScript": "docker ps -a -q | %{docker rm -f $_}\n\ndocker images | where {-Not ($_.StartsWith(\"microsoft/nanoserver \") -Or $_.StartsWith(\"REPOSITORY \"))} | %{$_.Split(' ', [System.StringSplitOptions]::RemoveEmptyEntries)[2]} | select-object -unique | %{docker rmi -f $_}",
        "failOnStandardError": "true"
      }
    }
  ],
  "options": [
    {
      "enabled": false,
      "definition": {
        "id": "5bc3cfb7-6b54-4a4b-b5d2-a3905949f8a6"
      },
      "inputs": {}
    },
    {
      "enabled": false,
      "definition": {
        "id": "7c555368-ca64-4199-add6-9ebaf0b0137d"
      },
      "inputs": {
        "multipliers": "[]",
        "parallel": "false",
        "continueOnError": "true",
        "additionalFields": "{}"
      }
    },
    {
      "enabled": false,
      "definition": {
        "id": "a9db38f9-9fdc-478c-b0f9-464221e58316"
      },
      "inputs": {
        "workItemType": "234347",
        "assignToRequestor": "true",
        "additionalFields": "{}"
      }
    },
    {
      "enabled": false,
      "definition": {
        "id": "57578776-4c22-4526-aeb0-86b6da17ee9c"
      },
      "inputs": {}
    }
  ],
  "variables": {
    "system.debug": {
      "value": "false",
      "allowOverride": true
    },
    "image-builder.imageName": {
      "value": "microsoft/dotnet-buildtools-prereqs:image-builder-nanoserver-20170824103908"
    },
    "image-builder.args": {
      "value": "build --manifest manifest.json --push --username $(PB.docker.username) --password $(PB.docker.password) $(PB.image-builder.customCommonArgs)",
      "allowOverride": true
    },
    "image-builder.containerName": {
      "value": "$(Build.DefinitionName)-$(Build.BuildId)"
    },
    "PB.docker.password": {
      "value": null,
      "isSecret": true
    },
    "PB.image-builder.customCommonArgs": {
      "value": ""
    }
  },
  "demands": [
    "Agent.OS -equals Windows_NT"
  ],
  "retentionRules": [
    {
      "branches": [
        "+refs/heads/*"
      ],
      "artifacts": [],
      "artifactTypesToDelete": [
        "FilePath",
        "SymbolStore"
      ],
      "daysToKeep": 10,
      "minimumToKeep": 1,
      "deleteBuildRecord": true,
      "deleteTestResults": true
    }
  ],
  "jobAuthorizationScope": "projectCollection",
  "jobTimeoutInMinutes": 60,
  "jobCancelTimeoutInMinutes": 5,
  "repository": {
    "properties": {
      "cleanOptions": "1",
      "gitLfsSupport": "false",
      "skipSyncSource": "false",
      "reportBuildStatus": "true",
      "fetchDepth": "0",
      "connectedServiceId": "1e3b2b41-8d83-4240-a16f-6fc0b825d0d6",
      "apiUrl": "https://api.github.com/repos/dotnet/dotnet-docker-samples",
      "branchesUrl": "https://api.github.com/repos/dotnet/dotnet-docker-samples/branches",
      "cloneUrl": "https://github.com/dotnet/dotnet-docker-samples.git",
      "refsUrl": "https://api.github.com/repos/dotnet/dotnet-docker-samples/git/refs",
      "checkoutNestedSubmodules": "false"
    },
    "id": "https://github.com/dotnet/dotnet-docker-samples.git",
    "type": "GitHub",
    "name": "dotnet/dotnet-docker-samples",
    "url": "https://github.com/dotnet/dotnet-docker-samples.git",
    "defaultBranch": "master",
    "clean": "true",
    "checkoutSubmodules": false
  },
  "processParameters": {},
  "quality": "definition",
  "queue": {
    "id": 330,
    "name": "DotNetCore-Build",
    "pool": {
      "id": 97,
      "name": "DotNetCore-Build"
    }
  },
  "id": 6216,
  "name": "dotnet-docker-samples-windows-amd64-images",
  "url": "https://devdiv.visualstudio.com/0bdbc590-a062-4c3f-b0f6-9383f67865ee/_apis/build/Definitions/6216",
  "path": "\\",
  "type": "build",
  "project": {
    "id": "0bdbc590-a062-4c3f-b0f6-9383f67865ee",
    "name": "DevDiv",
    "description": "Visual Studio and DevDiv team project for git source code repositories.  Work items will be added for Adams, Dev14 work items are tracked in vstfdevdiv.  ",
    "url": "https://devdiv.visualstudio.com/_apis/projects/0bdbc590-a062-4c3f-b0f6-9383f67865ee",
    "state": "wellFormed",
    "revision": 418097676
  }
}
